{
  "omnisearch:show-modal": [
    {
      "modifiers": [
        "Alt",
        "Shift"
      ],
      "key": "O"
    },
    {
      "modifiers": [
        "Mod",
        "Shift"
      ],
      "key": "O"
    }
  ],
  "app:go-back": [
    {
      "modifiers": [
        "Mod",
        "Shift"
      ],
      "key": "ArrowLeft"
    }
  ],
  "app:go-forward": [
    {
      "modifiers": [
        "Mod",
        "Shift"
      ],
      "key": "ArrowRight"
    }
  ],
  "insert-template": [
    {
      "modifiers": [
        "Alt",
        "Shift"
      ],
      "key": "T"
    }
  ],
  "file-explorer:move-file": [
    {
      "modifiers": [
        "Alt",
        "Shift"
      ],
      "key": "M"
    }
  ]
}